Actuator Type,Bandwidth (Hz),Strain (%),Stress (MPa),Efficiency (%)
PZT,10^8,0.2,110,
DEA,,200,8,80%-90%
SMA,<3,5,200,1.30%
SCP,"3 in standing air, 1 in forced air, 7.5 in helium",<49,11,0.71%-1.32%
PZT,,0.1,,
PZT,,21,,
PZT,3000,,,
DEA,,40,,
DEA,100,117,,90
DEA,,215 (areal),,
DEA,,215,7.2,60-80
DEA,,63,3,90
PZT,,0.2,110,>90
PZT,,1.7,131,>90
PZT,,0.1,4.8,
PZT,,0.45,>40,
SMA,,>5,>200,<10
EAP,4,215,0.6,
EAP,10,63,0.15,
EAP,2,1.2,2.15,
SMA,<3 (<35 in bending),<8.5,<700,<16
DEA,<1000,<380 (Areal) <79 (Thickness),<7.2,<90
PZT,,0.2,110,90
PZT,,0.6,>100,90
PZT,,1.7,130,90
PZT,,15,3.4,
SMA,,<8,700,
SMA,10,>5,>200,2-3
PZT,,<0.1,35,>30
PZT,,<0.1,3,<1
DEA,4,215,0.6,
DEA,10,63,0.15,
DEA ,>50000,120,0.3 (typical) 3.2 (max),80 (max) 25 (typical)
DEA,>50000,380,1.6 (typical) 7.7 (max),90 (max) 25 (typical)
SMA,,5 (typical) 8 (max),200 (max),<5
SMA,,6 (typical) 10 (max),1 (typical) 9 (max),
DEA,,5-10,,
DEA,,50,,
EAP,100000,2-5,,
DEA,,10-2000,,
EAP,,4,,
EAP,,>300,0.1-40,
EAP,,>300,0.1-40,
SMA,,<8%,200,
EAP,,,,
EAP,,,,
DEA,,,,
DEA,,30,,
DEA,,16,,
DEA,20,69,,
DEA,10-100,2.5,,
SMA,100,,,1.30%
SMA,100,,,0.23
SMA,100,,,0.013
SMA,1,5,,
SMA,,,,
SMA,0.0333,3.2,,
SMA,>1,8%,,
SCP,,8%,,
SCP,,10%,,0.71%
SCP,,35%,,1.08% - 1.32%
SMA,,3% - 5%,,0.15% - 0.20%
SCP,,20%,,
SCP,,50%,,
SMA,,5%,,
DEA,,>300,8,60-90
SMA,,4,>500,
SMA,,<8,1000,
SMA,,8,,
DEA,,,,
EAP,2-7,>10,0.1-3,
PZT,,<0.02,>100,
DEA,,"25 typical, >300 max","1 typical, 7 max",60-90
PZT,,0.1,4.8,60-90
PZT,,0.2,110,>90
PZT,,1.7,131,>90
SMA,,>5,>200,<10
PZT,,1,35,
SMA,,1-8,200,<5
DEA,,20-380,1-10,15-90
SCP,,20-50,,
SMA,,,>200,
EAP,,,,30
SMA,,1-3,200,
SMA,,8,,
SMA,,5,500,
SMA,,2.5-8,,
SMA,,5-6,<100,
SMA,,4.5-5,,
SMA,,10,500,
DEA,,30,,
DEA,,3,,
DEA,,>100,,
DEA,,30-150,,
PZT,,0.26,115,
SMA,,36,,
PZT,,,,
DEA,1400,100,0.6,10
DEA,7,200,2.4,60
SMA,,5,200,3
SMA,100,10,9,
EAP,100000,5,45,45
EAP,,2,34,
SMA,,3,200,3
PZT,,0.09,35,35
PZT,,0.1,3,1
EAP,,40,0.3,30
EAP,,2,180,30
SMA,,0.1,200,3
EAP,,5,0.3,5.7
EAP,,10,0.3,5.7
PZT,,0.001,35,
EAP,,25,200,
EAP,2000,117,3,80
EAP,200,215,7.2,80
EAP,,4,15,
PZT,,0.2,110,90
PZT,,1.7,131,90
PZT,,0.1,4.8,
SMA,,>5,200,
DEA,10,5,0.6,
DEA,30,20,0.8,
DEA,,200,7,80
DEA,,63,3,90
EAP,,280,0.4,
EAP,,100,0.8,
EAP,,540.75,2.4,
EAP,,,,49
DEA,,32,1,80
EAP,,1000,0.6,
EAP,,10,2,
EAP,,10,1,
EAP,,30,450,
EAP,10,2.5,2,
SMA,,8,20,
EAP,,300,700,
SMA,,,,
SMA,,5,,10
SMA,,6,,
SMA,,,,5.7
SMA,,3,100-130,
SMA,,,40,
SMA,,,70,
SMA,,6,,
SMA,0.1,2.4,,
SMA,0.5,,70,
SMA,1,,150,
SMA,,1.8,68,
SMA,,6,110,
SMA,,6,,
SMA,,4.75,,
SMA,,8,,
SMA,,3.4,,
SMA,,8,200,
SMA,,4,,
SMA,,1,170,
SMA,3,,300,
SMA,,,,15
SMA,,8,,0.4
SMA,1.5,5,,
SMA,,4,,
SMA,,4,,
EAP,,25,,
EAP,,3.5,1,75
EAP,,2,20,75
EAP,,40,3,3
EAP,,0.1,0.3,30
PZT,,0.2,4.8,75
PZT,,1.7,110,90
SMA,,5,131,90
EAP,1.2,,200,10
SMA,,4,50,
DEA,,63,,
SMA,,4,20,
SMA,1,4,,
SMA,4,,100,
SMA,,5,80,
SMA,0.1,,,10
PZT,10000,,,
SMA,,8,,
SMA,0.21,4,500,
EAP,,10,200,
SMA,,8,15,1.5
EAP,,4,700,
SMA,,8,20,
PZT,,0.3,,
SCP,,10,,0.71
SCP,,34,,1.32
SMA,,4,,0.2
DEA,,200,7,85
SMA,,,,
SMA,,,,
SMA,,8,,
SMA ,,,,
PZT,,,,
SMA,,,,
SMA ,,,,
SMA,,,,
SMA,,,,
SMA,,,,
SMA,,,,
SMA,,,,
SMA,,,,
SMA,,,,
SCP,,7.61178613,,
SCP,,8.132312919,,
SCP,,8.483274163,,
SCP,,9.052874185,,
SCP,,9.303498194,,
SCP,,9.611082206,,
SCP,,9.838922215,,
SCP,,10.15960703,,
SCP,,10.74914305,,
SCP,,11.00453099,,
SCP,,11.29140227,,
SCP,,11.84619269,,
SCP,,11.9635303,,
SCP,,12.43060231,,
SCP,,12.56161032,,
SCP,,12.99450634,,
SCP,,13.08421834,,
SCP,,13.57891596,,
SCP,,13.68657036,,
SCP,,14.13370638,,
SCP,,14.31028239,,
SCP,,14.6577384,,
SCP,,14.86279441,,
SCP,,15.26876388,,
SCP,,15.47226643,,
SCP,,16.02477845,,
SCP,,16.60349207,,
SCP,,17.09562649,,
SCP,,17.14119449,,
SCP,,17.63674651,,
SCP,,17.68516251,,
SCP,,18.05255453,,
SCP,,18.26957214,,
SCP,,18.58228255,,
SCP,,18.82151456,,
SCP,,19.19745057,,
SCP,,19.43098658,,
SCP,,19.76135459,,
SCP,,19.9493226,,
SCP,,20.35286231,,
SCP,,20.50468262,,
SCP,,21.14548265,,
SCP,,21.46331946,,
SCP,,21.70369067,,
SCP,,22.01697068,,
SCP,,22.29379629,,
SCP,,22.6321387,,
SCP,,22.86282671,,
SCP,,23.22016696,,
SCP,,23.38571953,,
SCP,,23.73858675,,
SCP,,23.96500275,,
SCP,,24.33410357,,
SCP,,24.51181878,,
SCP,,24.88775479,,
SCP,,25.0723052,,
SCP,,25.48714927,,
SCP,,25.65671482,,
SCP,,25.99190252,,
SCP,,26.20922684,,
SCP,,26.57946685,,
SCP,,26.78452286,,
SCP,,27.13238573,,
SCP,,27.32279488,,
SCP,,27.7841709,,
SCP,,28.00916291,,
SCP,,28.19428292,,
SCP,,28.65199722,,
SCP,,28.57021893,,
SCP,,28.86356294,,
SCP,,29.20247495,,
SMA,,,,
SMA,,,350,
SMA,,5,,
DEA,,40,,
DEA,,63,7,
SMA,,0.05405292574,,
SMA,,0.1446593854,,
SMA,,0.3045218942,,
SMA,,0.2600108826,,
SMA,,0.3753623798,,
SMA,,0.4791729073,,
SMA,,0.5570147981,,
SMA,,0.5829811069,,
SMA,,0.7557313229,,
SMA,,0.809507702,,
SMA,,0.9970880084,,
SMA,,1.062000606,,
SMA,,1.249803129,,
SMA,,1.31449351,,
SMA,,1.502475922,,
SMA,,1.566986414,,
SMA,,1.755127552,,
SMA,,1.819479317,,
SMA,,2.007762251,,
SMA,,2.071980687,,
SMA,,2.260386368,,
SMA,,2.324465125,,
SMA,,2.51300202,,
SMA,,2.576958029,,
SMA,,2.765617672,,
SMA,,2.829450933,,
SMA,,3.018216394,,
SMA,,3.081943837,,
SMA,,3.270821464,,
SMA,,3.334436741,,
SMA,,3.523420185,,
SMA,,3.586929644,,
SMA,,3.776018906,,
SMA,,3.839422548,,
SMA,,4.028615511,,
SMA,,4.091923918,,
SMA,,4.281205767,,
SMA,,4.344408356,,
SMA,,4.533800256,,
SMA,,4.59690126,,
SMA,,4.786394744,,
SMA,,4.849394164,,
SMA,,5.038987116,,
SMA,,5.101887068,,
SMA,,5.291575256,,
SMA,,5.354379972,,
SMA,,5.544171861,,
SMA,,5.606872875,,
SMA,,5.796766349,,
SMA,,5.859365779,,
SMA,,6.049358721,,
SMA,,6.111862916,,
SMA,,6.301957443,,
SMA,,6.364351587,,
SMA,,6.55455828,,
SMA,,6.616844491,,
SMA,,6.80716335,,
SMA,,6.869337395,,
SMA,,7.059759955,,
SMA,,7.121830299,,
SMA,,7.312375607,,
SMA,,7.374323202,,
SMA,,7.564991259,,
SMA,,7.512046605,,
SMA,,7.817617493,,
SMA,,8.070252192,,
SMA,,8.322903822,,
SMA,,8.575574499,,
SMA,,8.828289619,,
SMA,,9.035128684,,
SMA,,7.565028665,,
SMA,,7.673273273,,
SMA,,7.808435708,,
SMA,,7.876112476,,
SMA,,8.024870325,,
SMA,,8.16022386,,
SMA,,8.281900082,,
SMA,,8.417280917,,
SMA,,8.39011739,,
SMA,,8.552443352,,
SMA,,8.660660661,,
SMA,,8.768959869,,
SMA,,8.917635818,,
SMA,,9.025962326,,
SMA,,9.174692875,,
SMA,,9.296369096,,
SMA,,9.418263718,,
SMA,,9.593966694,,
SMA,,9.756292656,,
SMA,,9.864646465,,
SMA,,10.02683593,,
SMA,,10.16216216,,
PZT,0.5,,,
PZT,0.5,,,
PZT,0.5,,,
PZT,0.5,,,
PZT,0.5,,,
PZT,0.5,,,
PZT,0.5,,,
PZT,0.5,,,
PZT,0.5,,,
PZT,0.5,,,
PZT,0.5,,,
PZT,0.5,,,
PZT,0.5,,,
PZT,0.5,,,
PZT,0.5,,,
PZT,0.5,,,
PZT,0.5,,,
PZT,0.5,,,
PZT,0.5,,,
PZT,0.5,,,
PZT,0.5,,,
PZT,0.5,,,
PZT,0.5,,,
PZT,0.5,,,
PZT,0.5,,,
PZT,0.5,,,
PZT,0.5,,,
PZT,0.5,,,
PZT,0.5,,,
PZT,0.5,,,
PZT,0.5,,,
PZT,0.5,,,
PZT,0.5,,,
PZT,0.5,,,
PZT,0.5,,,
PZT,0.5,,,
PZT,0.5,,,
PZT,0.5,,,
PZT,0.5,,,
PZT,0.5,,,
PZT,0.5,,,
PZT,0.5,,,
PZT,0.5,,,
PZT,0.5,,,
PZT,0.5,,,
PZT,0.5,,,
PZT,0.5,,,
PZT,0.5,,,
PZT,0.5,,,
PZT,0.5,,,
PZT,0.5,,,
PZT,0.5,,,
PZT,0.5,,,
PZT,0.5,,,
PZT,0.5,,,
PZT,0.5,,,
PZT,0.5,,,
PZT,0.5,,,
PZT,0.5,,,
PZT,0.5,,,
PZT,0.5,,,
PZT,0.5,,,
PZT,0.5,,,
PZT,0.5,,,
PZT,0.5,,,
PZT,0.5,,,
PZT,0.5,,,
PZT,0.5,,,
PZT,0.5,,,
PZT,0.5,,,
PZT,0.5,,,
PZT,0.5,,,
PZT,0.5,,,
PZT,0.5,,,
PZT,0.5,,,
PZT,0.5,,,
PZT,0.5,,,
PZT,0.5,,,
PZT,0.5,,,
PZT,0.5,,,
PZT,0.5,,,
PZT,0.5,,,
PZT,0.5,,,
PZT,0.5,,,
PZT,0.5,,,
PZT,0.5,,,
PZT,0.5,,,
PZT,0.5,,,
PZT,0.5,,,
PZT,0.5,,,
PZT,0.5,,,
PZT,0.5,,,
PZT,0.5,,,
PZT,0.5,,,
PZT,0.5,,,
PZT,0.5,,,
PZT,0.5,,,
PZT,0.5,,,
PZT,0.5,,,
PZT,0.5,,,
PZT,0.5,,,
PZT,0.5,,,
PZT,0.5,,,
PZT,0.5,,,
PZT,0.5,,,
PZT,0.5,,,
PZT,0.5,,,
PZT,0.5,,,
PZT,0.5,,,
PZT,0.5,,,
PZT,0.5,,,
PZT,0.5,,,
PZT,0.5,,,
PZT,0.5,,,
PZT,0.5,,,
PZT,0.5,,,
PZT,0.5,,,
PZT,0.5,,,
PZT,0.5,,,
PZT,0.5,,,
PZT,0.5,,,
PZT,0.5,,,
PZT,0.5,,,
PZT,0.5,,,
PZT,0.5,,,
PZT,0.5,,,
PZT,0.5,,,
PZT,0.5,,,
PZT,0.5,,,
PZT,0.5,,,
PZT,0.5,,,
PZT,0.5,,,
PZT,0.5,,,
PZT,0.5,,,
PZT,0.5,,,
PZT,0.5,,,
PZT,0.5,,,
PZT,0.5,,,
PZT,0.5,,,
PZT,0.5,,,
PZT,0.5,,,
PZT,0.5,,,
PZT,0.5,,,
PZT,0.5,,,
PZT,0.5,,,
PZT,0.5,,,
PZT,0.5,,,
PZT,0.5,,,
PZT,0.5,,,
PZT,0.5,,,
PZT,0.5,,,
PZT,0.5,,,
PZT,0.5,,,
PZT,0.5,,,
PZT,0.5,,,
PZT,0.5,,,
PZT,0.5,,,
PZT,0.5,,,
PZT,0.5,,,
PZT,0.5,,,
PZT,0.5,,,
PZT,0.5,,,
PZT,0.5,,,
PZT,0.5,,,
PZT,0.5,,,
PZT,0.5,,,
PZT,0.5,,,
PZT,0.5,,,
PZT,0.5,,,
PZT,0.5,,,
PZT,0.5,,,
PZT,0.5,,,
PZT,0.5,,,
PZT,0.5,,,
PZT,0.5,,,
PZT,0.5,,,
PZT,0.5,,,
PZT,0.5,,,
PZT,0.5,,,
PZT,0.5,,,
PZT,0.5,,,
PZT,0.5,,,
PZT,0.5,,,
PZT,0.5,,,
PZT,0.5,,,
PZT,0.5,,,
PZT,0.5,,,
PZT,0.5,,,
PZT,0.5,,,
PZT,0.5,,,
PZT,0.5,,,
PZT,0.5,,,
PZT,0.5,,,
PZT,0.5,,,
PZT,0.5,,,
PZT,0.5,,,
PZT,0.5,,,
PZT,0.5,,,
PZT,0.5,,,
PZT,0.5,,,
PZT,0.5,,,
PZT,0.5,,,
PZT,0.5,,,
PZT,0.5,,,
PZT,0.5,,,
PZT,0.5,,,
PZT,0.5,,,
PZT,0.5,,,
PZT,0.5,,,
PZT,0.5,,,
PZT,0.5,,,
PZT,0.5,,,
PZT,0.5,,,
PZT,0.5,,,
PZT,0.5,,,
PZT,0.5,,,
PZT,0.5,,,
PZT,0.5,,,
PZT,0.5,,,
PZT,0.5,,,
PZT,0.5,,,
PZT,0.5,,,
PZT,0.5,,,
PZT,0.5,,,
PZT,0.5,,,
PZT,0.5,,,
PZT,0.5,,,
PZT,0.5,,,
PZT,0.5,,,
PZT,0.5,,,
PZT,0.5,,,
PZT,0.5,,,
PZT,0.5,,,
PZT,0.5,,,
PZT,0.5,,,
PZT,0.5,,,
SMA,,2.460968508,0.625475321,
SMA,,3.797902199,0.938690516,
SMA,,4.510652067,1.229562956,
SMA,,5.351901452,1.509856384,
SMA,,6.564972956,1.874187083,
SMA,,8.069073798,2.182263936,
SMA,,9.428565316,2.490402238,
SMA,,10.79673339,2.798536852,
SMA,,12.22563739,3.106645658,
SMA,,13.63718826,3.414761839,
SMA,,15.16153441,3.722830089,
SMA,,16.66852744,4.030905712,
SMA,,18.06272519,4.339029266,
SMA,,19.47427607,4.647145446,
SMA,,20.8945035,4.955257939,
SMA,,22.35811373,5.263351998,
SMA,,23.82172396,5.571446056,
SMA,,25.29401076,5.879536428,
SMA,,26.8183569,6.187604678,
SMA,,28.32534993,6.495680302,
SMA,,29.72822425,6.803800169,
SMA,,31.07036265,7.111945844,
SMA,,32.39514793,7.420098894,
SMA,,33.68522697,7.728266691,
SMA,,35.0323234,8.036410259,
SMA,,36.23657482,8.369171481,
SMA,,37.11295956,8.652958115,
SMA,,37.76964976,8.961395057,
SMA,,38.0098651,9.270008972,
SMA,,38.08522581,9.578692938,
SMA,,38.21067952,9.897880027,
SMA,,38.74596671,10.18742462,
SMA,,39.52931037,10.49954976,
SMA,,40.96741665,10.55974636,
SMA,,0.02093329161,,
SMA,,0.06773259857,,
SMA,,0.1163318789,,
SMA,,0.1757309992,,
SMA,,0.2675296398,,
SMA,,0.3863278805,,
SMA,,0.5051261213,,
SMA,,0.623924362,,
SMA,,0.7427226027,,
SMA,,0.8615208435,,
SMA,,0.9803190842,,
SMA,,1.099117325,,
SMA,,1.217915566,,
SMA,,1.336713806,,
SMA,,1.455512047,,
SMA,,1.574310288,,
SMA,,1.693108529,,
SMA,,1.811906769,,
SMA,,1.93070501,,
SMA,,2.049503251,,
SMA,,2.168301492,,
SMA,,2.287099732,,
SMA,,2.405897973,,
SMA,,2.524696214,,
SMA,,2.643494454,,
SMA,,2.762292695,,
SMA,,2.881090936,,
SMA,,2.999889177,,
SMA,,3.118687417,,
SMA,,3.237485658,,
SMA,,3.356283899,,
SMA,,3.47508214,,
SMA,,3.59388038,,
SMA,,3.712678621,,
SMA,,3.831476862,,
SMA,,3.950275103,,
SMA,,4.069073343,,
SMA,,4.187871584,,
SMA,,4.285070145,,
SMA,,4.360669025,,
SMA,,4.414668225,,
SMA,,4.454781917,,
SMA,,4.495667026,,
SMA,,4.503226914,,
SMA,,4.522666626,,
SCP,,-0.005627187494,,
SCP,,-0.002880389774,,
SCP,,-0.005369675208,,
SCP,,-0.009618627931,,
SCP,,-0.01163580751,,
SCP,,-0.01970452581,,
SCP,,-0.02064873752,,
SCP,,-0.0301337734,,
SCP,,-0.03180760326,,
SCP,,-0.03751579227,,
SCP,,-0.04421111172,,
SCP,,-0.0466956284,,
SCP,,-0.05768043491,,
SCP,,-0.06026271089,,
SCP,,-0.06678635548,,
SCP,,-0.07339583749,,
SCP,,-0.07558469192,,
SCP,,-0.08578514189,,
SCP,,-0.08923999621,,
SCP,,-0.09201779078,,
SCP,,-0.1074761579,,
SCP,,-0.1061857353,,
SCP,,-0.1037822873,,
SCP,,-0.1001771153,,
SCP,,-0.09838740487,,
SCP,,-0.07113902843,,
SCP,,-0.05446650019,,
SCP,,-0.03484314855,,
SCP,,-0.01603497573,,
SCP,,-0.09365079365,,
SCP,,-0.09153439153,,
SCP,,-0.08042328042,,
SCP,,-0.07936507937,,
SCP,,-0.0619047619,,
SCP,,-0.04338624339,,
SCP,,-0.0253968254,,
SCP,,-0.009523809524,,
SCP,,-0.007407407407,,
SCP,,-0.1037037037,,
SCP,,-0.1021164021,,
SMA,,1.25264853,252.067918,
SMA,,1.31278395,249.005905,
SMA,,1.37284045,244.333967,
SMA,,1.43297587,241.271953,
SMA,,1.49311129,238.20994,
SMA,,1.55316779,233.538002,
SMA,,1.61330321,230.475988,
SMA,,1.67335971,225.80405,
SMA,,1.70330905,221.858157,
SMA,,1.76348392,219.601106,
SMA,,1.79343326,215.655212,
SMA,,1.85352922,211.788236,
SMA,,1.91366464,208.726223,
SMA,,1.89843349,205.466915,
SMA,,1.97372114,204.054285,
SMA,,2.03377764,199.382347,
SMA,,2.09375522,193.100484,
SMA,,2.15389064,190.03847,
SMA,,2.15365389,185.208697,
SMA,,2.21386822,183.756608,
SMA,,2.27400364,180.694594,
SMA,,2.30387406,175.138776,
SMA,,2.36397002,171.2718,
SMA,,2.42410544,168.209787,
SMA,,2.48408302,161.927924,
SMA,,2.54421844,158.865911,
SMA,,2.60419602,152.584048,
SMA,,2.66433144,149.522035,
SMA,,2.64910029,146.262726,
SMA,,2.72446686,146.460021,
SMA,,2.72423011,141.630247,
SMA,,2.78444444,140.178159,
SMA,,2.84446149,134.701258,
SMA,,2.90447853,129.224358,
SMA,,2.99460274,123.021413,
SMA,,3.05465924,118.349475,
SMA,,3.11471574,113.677537,
SMA,,3.1748117,109.810561,
SMA,,3.2348682,105.138623,
SMA,,3.29500362,102.07661,
SMA,,3.32483458,95.715829,
SMA,,3.615134,17.36802,
SMA,,3.677345,37.8263,
SMA,,3.730324,53.2155,
SMA,,3.713467,21.67457,
SMA,,3.764038,67.19056,
SMA,,3.780895,37.20241,
SMA,,3.821165,78.20562,
SMA,,3.84926,48.76742,
SMA,,3.8708,90.19118,
SMA,,3.896085,108.5334,
SMA,,3.930201,65.06935,
SMA,,3.955085,125.1288,
SMA,,3.910133,48.84829,
SMA,,3.989736,80.87447,
SMA,,4.036561,135.7072,
SMA,,4.03937,93.97609,
SMA,,4.095561,107.0777,
SMA,,4.118037,149.294,
SMA,,4.158307,120.6646,
SMA,,4.170013,163.1235,
SMA,,4.211152,184.2317,
SMA,,4.162989,172.5858,
SMA,,4.233227,139.8318,
SMA,,4.264131,200.2448,
SMA,,4.233227,124.5465,
SMA,,4.295437,156.7807,
SMA,,4.326877,216.2579,
SMA,,4.303465,143.4711,
SMA,,4.376512,172.5858,
SMA,,4.407818,234.7665,
SMA,,4.410226,186.5609,
SMA,,4.359655,162.3957,
SMA,,4.38775,220.6251,
SMA,,4.460797,197.3333,
SMA,,4.486083,252.166,
SMA,,4.528226,238.7004,
SMA,,4.514178,213.3464,
SMA,,4.545083,265.7529,
SMA,,4.584416,225.7201,
SMA,,4.629368,274.4873,
SMA,,4.629368,251.4867,
SMA,,4.612511,239.0644,
SMA,,4.659336,298.7495,
SMA,,4.659336,285.1627,
SMA,,4.668701,264.2971,
SMA,,4.713653,313.501,
SMA,,4.775463,328.6406,
SMA,,4.743622,280.7955,
SMA,,4.724892,265.7529,
SMA,,4.83259,339.0249,
SMA,,4.809177,299.2348,
SMA,,4.842891,314.3744,
SMA,,4.88878,353.5822,
SMA,,4.902827,333.6872,
SMA,,4.949653,355.2806,
SMA,,1.27897,360.1558,
SMA,,1.27897,350.8333,
SMA,,1.27897,344.3075,
SMA,,1.318125,371.4981,
SMA,,1.357279,380.5099,
SMA,,1.324148,364.817,
SMA,,1.347383,346.7047,
SMA,,1.409342,389.7214,
SMA,,1.409342,355.2281,
SMA,,1.396434,381.5975,
SMA,,1.443419,399.1238,
SMA,,1.439805,368.3596,
SMA,,1.481627,409.4319,
SMA,,1.483778,375.6933,
SMA,,1.456671,358.9128,
SMA,,1.501247,419.4469,
SMA,,1.513897,429.1423,
SMA,,1.48679,400.2426,
SMA,,1.551847,436.2274,
SMA,,1.546168,379.9994,
SMA,,1.58799,444.6177,
SMA,,1.604254,388.434,
SMA,,1.644269,452.1822,
SMA,,1.61329,381.5975,
SMA,,1.66234,395.7145,
SMA,,1.718706,463.0141,
SMA,,1.700032,453.008,
SMA,,1.730753,401.1748,
SMA,,1.748825,410.2642,
SMA,,1.784967,467.4811,
SMA,,1.803039,417.1784,
SMA,,1.839181,429.7638,
SMA,,1.85338,473.7572,
SMA,,1.863276,441.2616,
SMA,,1.848217,420.7521,
SMA,,1.899419,484.1451,
SMA,,1.88436,433.8036,
SMA,,1.93341,450.7173,
SMA,,1.902431,443.1261,
SMA,,1.96568,488.9229,
SMA,,1.987624,460.0398,
SMA,,1.974716,451.5164,
SMA,,2.025918,469.2291,
SMA,,2.034093,492.1802,
SMA,,2.062061,479.6393,
SMA,,2.09218,499.9934,
SMA,,2.132195,487.741,
SMA,,2.101215,480.4161,
SMA,,2.150266,509.1827,
SMA,,2.200608,521.1244,
SMA,,2.196735,496.7971,
SMA,,2.220486,510.2482,
SMA,,2.258694,529.5591,
SMA,,2.245786,502.7902,
SMA,,2.290964,515.8417,
SMA,,2.330979,534.8862,
SMA,,2.327107,525.1642,
SMA,,2.318071,520.0368,
PZT,,0.1,,
DEA,,80.2,,
DEA,,55.4,,
DEA,,,0.129,
DEA,,,0.159,
DEA,,,0.163,
DEA,,,0.129,
DEA,,,0.118,
DEA,,,0.113,
DEA,,,0.111,
DEA,,,0.109,
DEA,,,0.107,
DEA,,,0.106,
DEA,,,0.095,
DEA,,,0.114,
DEA,,,,
DEA,,17,,
EAP ,,200,,
EAP ,,39,49,
EAP ,,7,,
EAP ,,2-3,,
SMA,,<8 ,700,
EAP ,,200,0.1-0.3,
EAP ,,7,45,
EAP ,,70,,
SMA,,<8,,
EAP ,,>300,,
PZT,,a strain amplification ratio in excess of 10:1 per cell,,
PZT,,0.1â€“0.2,,
DEA,,215,,
PZT,,21,,
PZT,,,41,
PZT ,,0.009344341204,15.72621404,
PZT ,,0.04258789531,47.41650173,
PZT ,,0.05771371243,61.48297048,
PZT ,,0.07167600515,83.42448929,
PZT ,,0.08651094117,100.0802202,
PZT ,,0.1048364504,119.1399397,
PZT ,,0.1222893163,133.8468735,
PZT ,,0.1432327554,148.2233143,
PZT ,,0.159812978,166.4587457,
PZT ,,0.1711573408,181.257051,
PZT ,,0.2060630726,218.6852631,
PZT ,,0.2235159385,233.5293622,
PZT ,,0.2383508745,243.0164523,
PZT ,,0.2605547984,258.6036203,
PZT ,,0.2793651094,275.6769264,
PZT ,,0.2976906186,292.8003464,
PZT ,,0.3212519876,311.9922631,
PZT ,,0.3369595669,323.3012299,
PZT ,,0.362944945,347.0893122,
PZT ,,0.3805917317,363.7046804,
PZT ,,0.3997898842,382.3678085,
PZT ,,0.4189880366,395.276472,
PZT ,,0.4381861891,408.8850029,
PZT ,,0.4573843416,423.1934011,
PZT ,,0.4765824941,442.0120552,
PZT ,,0.4957806466,457.4091359,
PZT ,,0.5149787991,471.484245,
PZT ,,0.5359222382,487.0368517,
PZT ,,0.5551203907,500.8786717,
PZT ,,0.5743185432,516.5868045,
PZT ,,0.5935166957,530.1175723,
PZT ,,0.6039884152,535.5609847,
PZT ,,0.6458752934,566.9254082,
PZT ,,-0.02411130233,,
SCP,,-0.004946968964,,
SCP,,-0.008787745939,,
SCP,,-0.01362404652,,
SCP,,-0.02266836171,,
SCP,,-0.01193745823,,
SCP,,-0.02000632765,,
SCP,,-0.03158130015,,
SCP,,-0.01432271858,,
SCP,,-0.03738058039,,
SCP,,-0.02453161068,,
SCP,,-0.01832329144,,
SCP,,-0.04330775635,,
SCP,,-0.03481647082,,
SCP,,-0.05136590734,,
SCP,,-0.02389263163,,
SCP,,-0.03912304609,,
SCP,,-0.04699373157,,
SCP,,-0.05962807676,,
SCP,,-0.07057411503,,
SCP,,-0.0505335858,,
SCP,,-0.02857622552,,
SCP,,-0.07831270476,,
SCP,,-0.08660799463,,
SCP,,-0.05733095699,,
SCP,,-0.05115513056,,
SCP,,-0.09546086288,,
SCP,,-0.03507894453,,
SCP,,-0.06600462798,,
SCP,,-0.1003001076,,
SCP,,-0.07548986685,,
SCP,,-0.04058459401,,
SCP,,-0.05997344142,,
SCP,,-0.08430313693,,
SCP,,-0.06759991308,,
SCP,,-0.1022851995,,
SCP,,-0.09018805567,,
SCP,,-0.07554349106,,
SCP,,-0.04282881213,,
SCP,,-0.05047734985,,
SCP,,-0.08260262422,,
SCP,,-0.1024577416,,
SCP,,-0.05526125569,,
SCP,,-0.09251608271,,
SCP,,-0.07412408952,,
SCP,,-0.05118446158,,
SCP,,-0.08213120603,,
SCP,,-0.065547038,,
SCP,,-0.1033591239,,
SCP,,-0.09429377185,,
SCP,,-0.05859109356,,
SCP,,-0.07650264775,,
SCP,,-0.1037830696,,
SCP,,-0.09591845697,,
SCP,,-0.08325084754,,
SCP,,-0.0660523108,,
SCP,,-0.09773124201,,
SCP,,-0.07352162797,,
SCP,,-0.08619903007,,
SCP,,-0.09768816467,,
SCP,,-0.1024644498,,
SCP,,-0.08047706761,,
SCP,,-0.08593589776,,
SCP,,-0.1035677214,,
SCP,,-0.08528668514,,
SCP,,-0.0919603178,,
SCP,,-0.1021879258,,
SCP,,-0.08691462917,,
SCP,,-0.1032357878,,
DEA,,300,,
DEA,,61,,
DEA,,5,,
DEA,,0.07365285947,13.7066125394895 (kPA),
DEA,,0.6568625335,15.55404429,
DEA,,1.240500318,17.87197,
DEA,,2.406923863,21.57144489,
DEA,,2.990124711,23.40917751,
DEA,,3.57332556,25.24691012,
DEA,,4.156482715,27.03662343,
DEA,,5.323333728,31.20588723,
DEA,,5.90633213,32.82113038,
DEA,,6.48935165,34.45958286,
DEA,,7.072304069,36.0242914,
DEA,,7.704596093,37.34447591,
DEA,,8.242592211,43.97095987,
DEA,,8.828978534,49.30952881,
DEA,,9.415313673,54.59184656,
DEA,,9.980923388,59.44307696,
DEA,,10.53608155,62.34240716,
DEA,,10.85489601,67.99283788,
DEA,,11.43915404,70.99240913,
DEA,,11.97908462,73.12317403,
DEA,,12.61323897,78.64251375,
DEA,,13.00384582,82.44867835,
DEA,,13.58623041,84.28318255,
DEA,,14.15213454,89.45797896,
DEA,,14.73784777,94.05682187,
DEA,,15.32318961,98.24750064,
DEA,,15.8035413,103.2540036,
DEA,,16.41185826,105.8789622,
DEA,,17.00231433,108.3290952,
DEA,,17.55718494,113.2083651,
DEA,,18.14146793,116.2353759,
DEA,,19.31017957,122.449462,
DEA,,19.89493965,126.000798,
DEA,,21.00777212,128.9036752,
DEA,,18.73878047,119.2318606,
DEA,,4.675429961,28.60964734,
DEA,,0.2798132566,2.333667129,
DEA,,0.6829388325,4.747126803,
DEA,,1.056513095,7.854573239,
DEA,,0.9596187111,3.045429945,
DEA,,1.424678722,10.99020513,
DEA,,1.379577275,6.371062003,
DEA,,1.280558562,2.305561746,
DEA,,1.779793962,13.94590309,
DEA,,1.770803819,9.440005094,
DEA,,2.13029739,16.5306813,
DEA,,2.237234568,13.14991563,
DEA,,2.530218337,19.00720554,
DEA,,2.907933583,20.54708769,
DEA,,2.710750215,16.25736207,
DEA,,3.266190851,22.65986438,
DEA,,3.644630919,24.16640212,
DEA,,3.993755439,26.27993378,
DEA,,4.026328356,23.23326223,
DEA,,4.385245737,27.99443605,
DEA,,4.262491643,24.50160772,
DEA,,4.758273171,29.75648385,
DEA,,5.125379429,31.36057442,
DEA,,5.137286699,28.06882939,
DEA,,5.497093485,33.97544385,
DEA,,5.575427398,30.2091624,
DEA,,5.865401783,35.95635287,
DEA,,6.226145082,38.30927787,
DEA,,6.148494954,33.06293973,
DEA,,6.60485711,39.94635637,
DEA,,6.470700949,35.5996307,
DEA,,6.976167452,42.03384165,
DEA,,6.790925154,37.18506256,
DEA,,7.354439271,43.93058659,
DEA,,7.699008773,46.32243482,
DEA,,8.016025153,49.91381545,
DEA,,8.046278904,47.2789787,
DEA,,8.342501433,52.88550096,
DEA,,8.475666699,50.55553787,
DEA,,8.274625131,44.79513546,
DEA,,8.683009839,56.20091875,
DEA,,8.804919057,51.13686288,
DEA,,9.015360363,59.07393111,
DEA,,9.019392755,55.3382573,
DEA,,9.372896873,60.62152021,
DEA,,9.594232912,56.90783483,
DEA,,9.748081858,63.50130962,
DEA,,9.996800484,60.12097673,
DEA,,10.1181701,65.00218511,
DEA,,10.39811292,61.6641304,
DEA,,10.50822929,66.23505239,
DEA,,10.85941954,68.51896122,
DEA,,10.88431202,64.45449047,
DEA,,11.23404711,69.73519811,
DEA,,11.11981471,65.40574958,
DEA,,11.62008961,71.50356441,
DEA,,11.97514215,73.5063249,
DEA,,11.84498464,69.21078603,
DEA,,12.36161184,73.91951864,
DEA,,12.59051378,74.78181741,
DEA,,0.2811047218,8.583769573,
DEA,,0.918539942,10.51669453,
DEA,,1.535366676,12.79500548,
DEA,,2.152940735,15.82661946,
DEA,,2.760206224,17.85330196,
DEA,,3.386921645,20.71330225,
DEA,,3.998080597,25.32372313,
DEA,,4.631660445,28.39870449,
DEA,,5.269944065,32.1924708,
DEA,,5.112894363,25.941298,
DEA,,5.861825256,37.48399389,
DEA,,5.853259746,28.84995961,
DEA,,6.480022395,41.14367297,
DEA,,6.456002868,31.01114934,
DEA,,7.097721803,44.30163839,
DEA,,7.064519062,33.35993227,
DEA,,7.715625512,47.66554024,
DEA,,7.74388826,35.92821859,
DEA,,8.333728523,51.23033852,
DEA,,8.463517395,38.13721987,
DEA,,8.951881457,54.84545859,
DEA,,8.956018195,40.24307713,
DEA,,9.501233255,45.42567388,
DEA,,9.569905321,58.33047654,
DEA,,10.08815097,49.73662545,
DEA,,10.18733151,61.21303959,
DEA,,10.73908776,54.2169442,
DEA,,10.8051115,64.45223093,
DEA,,11.46326774,67.09181165,
DEA,,11.37182982,58.45874239,
DEA,,11.95892408,69.87549708,
DEA,,12.03916711,63.15680965,
DEA,,12.58553305,71.06384254,
DEA,,12.45417061,65.36294582,
DEA,,13.1630807,75.98631195,
DEA,,13.46586849,71.45489002,
DEA,,13.81687716,76.81241651,
DEA,,14.41687375,78.94271675,
DEA,,14.16652266,73.75629116,
DEA,,15.04592541,83.26373016,
DEA,,14.86798263,76.86995153,
DEA,,15.66697227,86.40846703,
DEA,,15.61087481,79.50979402,
DEA,,16.25173401,91.93366811,
DEA,,16.29812755,82.38171058,
DEA,,16.88521648,97.59223158,
DEA,,16.58772129,92.70900646,
DEA,,16.9956416,84.64658154,
DEA,,17.48988178,101.0205398,
DEA,,17.50488167,87.98210902,
DEA,,18.04104117,93.42281003,
DEA,,18.08441919,104.296486,
DEA,,18.66127278,99.13323853,
DEA,,18.72499059,107.0441511,
DEA,,19.26696902,102.7068145,
DEA,,19.36474593,108.9692328,
DEA,,19.98161982,110.1218136,
DEA,,19.72851069,104.8928949,
DEA,,20.58252892,112.1015768,
DEA,,21.19102381,114.8734862,
DEA,,20.96274718,110.0372033,
DEA,,21.7565324,115.4823485,
DEA,,22.43757249,115.5334907,
DEA,,22.7562177,115.7230179,
SCP,,-0.1276423866,,
SCP,,0.2135500716,,
SCP,,0.2058326232,,
SCP,,0.2934483616,,
SCP,,0.2882874672,,
SCP,,0.2382459067,,
SCP,,0.415606904,,
SCP,,0.6345018058,,
SCP,,0.5531178038,,
SCP,,0.8641903418,,
SCP,,0.9814361934,,
SCP,,0.9544251238,,
SCP,,0.9993266421,,
SCP,,1.077904299,,
SCP,,1.042624535,,
SCP,,1.367308616,,
SCP,,1.448341825,,
SCP,,1.409754583,,
SCP,,1.558101092,,
SCP,,1.563001059,,
SCP,,1.763213722,,
SCP,,1.679865279,,
SCP,,1.757039764,,
SCP,,2.000366374,,
SCP,,2.072597656,,
SCP,,2.161777061,,
SCP,,2.207738754,,
SCP,,2.250956465,,
SCP,,2.351984881,,
SCP,,2.258673913,,
SCP,,2.683133579,,
SCP,,2.674901634,,
SCP,,2.90308086,,
SCP,,2.889826981,,
SCP,,3.005061429,,
SCP,,2.983011576,,
SCP,,2.998691471,,
SCP,,3.231929914,,
SCP,,3.362269043,,
SCP,,3.349039132,,
SCP,,3.629807256,,
SCP,,3.654503092,,
SCP,,3.623474991,,
SCP,,3.695662817,,
SCP,,3.7158685,,
SCP,,3.790587433,,
SCP,,3.917925332,,
SCP,,3.924785286,,
SCP,,4.035230549,,
SCP,,4.110861544,,
SCP,,4.195753477,,
SCP,,4.407432063,,
SCP,,4.226623271,,
SCP,,4.326092606,,
SCP,,4.399494116,,
SCP,,4.617640659,,
SCP,,4.778420836,,
SCP,,4.720539972,,
SCP,,5.090977498,,
SCP,,4.998368117,,
SCP,,5.072818796,,
SCP,,5.060107704,,
SCP,,5.276196261,,
SCP,,5.32421594,,
SCP,,5.334304108,,
SCP,,5.399675437,,
SCP,,5.665630583,,
SCP,,5.734098203,,
SCP,,5.711803352,,
SCP,,5.776286921,,
SCP,,6.03559319,,
SCP,,6.047941107,,
SCP,,6.133287008,,
SCP,,6.397798771,,
SCP,,6.402208741,,
SCP,,6.442388473,,
SCP,,6.43690051,,
SCP,,6.480118221,,
SCP,,6.751772407,,
SCP,,6.719952773,,
SCP,,6.737366503,,
SCP,,6.974034922,,
SCP,,7.066644304,,
SCP,,7.080364212,,
SCP,,7.15410872,,
SCP,,7.416501967,,
SCP,,7.43708183,,
SCP,,7.443941784,,
SCP,,7.577399075,,
SCP,,7.684040181,,
SCP,,7.684040181,,
SCP,,7.697760089,,
SCP,,7.807519356,,
SCP,,7.881606861,,
SCP,,8.144000109,,
SCP,,8.116217294,,
SCP,,8.081917523,,
SCP,,8.301436057,,
SCP,,8.42079926,,
SCP,,8.459215004,,
SCP,,8.562114316,,
SCP,,8.493514775,,
SCP,,8.738023142,,
SCP,,8.795352759,,
SCP,,8.776830882,,
SCP,,8.995098484,,
SCP,,9.127796692,,
SCP,,8.88796214,,
SCP,,9.242056834,,
SCP,,9.392168773,,
SCP,,9.181225182,,
SCP,,9.401853414,,
SCP,,9.517231015,,
SCP,,9.4930101,,
SCP,,9.536227811,,
SCP,,9.755122713,,
SCP,,9.955175013,,
SCP,,9.880205514,,
SCP,,9.994864748,,
SCP,,9.999274719,,
SCP,,10.14272847,,
SCP,,10.14333376,,
SCP,,10.22153723,,
SCP,,10.26475495,,
SCP,,10.57457542,,
SCP,,10.64754039,,
SCP,,10.53949611,,
SCP,,10.77101956,,
SCP,,10.79674439,,
SCP,,10.87391888,,
SCP,,10.52406121,,
SCP,,10.90135869,,
SCP,,11.01386194,,
SCP,,11.26082029,,
SCP,,11.37891704,,
SCP,,11.29580606,,
SCP,,11.26493627,,
SCP,,11.52139301,,
SCP,,11.24950137,,
SCP,,11.54717438,,
SCP,,11.58089769,,
SCP,,11.61685192,,
SCP,,11.64772171,,
SCP,,11.92477811,,
SCP,,12.01352877,,
SCP,,11.90291201,,
SCP,,12.02124621,,
SCP,,12.203378,,
SCP,,12.2019253,,
SCP,,12.32068322,,
SCP,,12.31450926,,
SCP,,12.3083353,,
SCP,,12.56146761,,
SCP,,12.72816449,,
SCP,,12.62320719,,
SCP,,12.77993076,,
SCP,,12.80842596,,
SCP,,12.91647024,,
SCP,,12.99364472,,
SCP,,12.99364472,,
SCP,,13.2878157,,
SCP,,13.34350238,,
SCP,,13.39109332,,
SCP,,13.53505341,,
SCP,,13.44228572,,
SCP,,13.6851281,,
SCP,,13.43611177,,
SCP,,13.67964014,,
SCP,,13.69130206,,
SCP,,13.96913021,,
SCP,,14.05007767,,
SCP,,14.0895224,,
SCP,,14.21814654,,
SCP,,14.24001265,,
SCP,,14.32721981,,
SCP,,14.44452503,,
SCP,,14.42600315,,
SCP,,14.70471329,,
SCP,,14.78409276,,
SCP,,14.71206324,,
SCP,,14.77251659,,
SCP,,14.79781267,,
SCP,,14.98165944,,
SCP,,15.03105111,,
SCP,,15.06963836,,
SCP,,15.08593075,,
SCP,,15.30373429,,
SCP,,15.34536174,,
SCP,,15.44048206,,
SCP,,15.3926687,,
SCP,,15.40148864,,
SCP,,15.77192617,,
SCP,,15.65873692,,
SCP,,15.65934221,,
SCP,,15.79044804,,
SCP,,16.01413532,,
SCP,,16.06004424,,
SCP,,16.08503408,,
SCP,,16.14236369,,
SCP,,16.18866838,,
SCP,,16.40784392,,
SCP,,16.4853614,,
SCP,,16.45106163,,
SCP,,16.52514914,,
SCP,,16.81635419,,
SCP,,16.77210749,,
SCP,,16.7103679,,
SCP,,17.00671792,,
SCP,,16.94497833,,
SCP,,17.04787765,,
SCP,,17.05816758,,
SCP,,17.1301971,,
SCP,,17.22518108,,
SCP,,17.52121448,,
SCP,,17.52121448,,
SCP,,17.64311059,,
SCP,,17.71127557,,
SCP,,17.80051262,,
SCP,,17.75531042,,
SCP,,17.91381494,,
SCP,,18.13732412,,
SCP,,18.20549491,,
SCP,,18.29961752,,
SCP,,18.39894562,,
SCP,,18.42672844,,
SCP,,18.60371525,,
SCP,,18.55020761,,
SCP,,18.85376058,,
SCP,,18.88463038,,
SCP,,19.03897935,,
SCP,,19.08116807,,
SCP,,19.04412431,,
SCP,,19.28381918,,
SCP,,19.34047433,,
SCP,,19.52351405,,
SCP,,19.59653115,,
SCP,,19.77882541,,
SCP,,19.85400243,,
SCP,,19.84673895,,
SCP,,20.00726188,,
SCP,,20.1986546,,
SCP,,20.30537589,,
SCP,,20.45178691,,
SCP,,20.46413483,,
SCP,,20.66360119,,
SCP,,20.77283277,,
SCP,,20.88259204,,
SCP,,20.81693247,,
SCP,,21.01097118,,
SCP,,21.5617275,,
SCP,,21.49827292,,
SCP,,21.5322297,,
SCP,,21.54220301,,
SCP,,21.42109844,,
SCP,,21.8155458,,
SCP,,21.97675473,,
SCP,,22.06936411,,
SCP,,22.00762452,,
SCP,,21.98704466,,
SCP,,22.00762452,,
SCP,,22.19284328,,
EAP,,>10,,
EAP,,6,,